rank,path,size_bytes,size_mib,file_type,git_status,category,sha256,referenced_by
1,.venv/Lib/site-packages/torch/lib/torch_cpu.dll,265820160,253.506,dll,ignored,SAFE_DELETE_CANDIDATE,6dc250bb0146fc870629a552d90d55798e00da480c2900cc74b64e26bfd68221,
2,.venv/Lib/site-packages/_polars_runtime_32/_polars_runtime.pyd,184414720,175.872,pyd,ignored,SAFE_DELETE_CANDIDATE,47472d6a778480b2e9af4efbe9af4cc48c3d620156762d5b07b93e7c01be2185,
3,Log/OrbbecSDK.log.2.txt,104857599,100.0,log,ignored,SAFE_DELETE_CANDIDATE,7fe7fb764e91ca77c7edb3ce53418539c9e8712ab30cbf2b1d7e64b1c6343b6a,
4,Log/OrbbecSDK.log.1.txt,104857536,100.0,log,ignored,SAFE_DELETE_CANDIDATE,7ac3e03b9029f3d68f09bc560a46aecfab363ac51bb87d434fdd0877e5c2904d,
5,Log/OrbbecSDK.log.3.txt,104857477,100.0,log,ignored,SAFE_DELETE_CANDIDATE,f4c8daa3dc4d822debeee139af714cb567e94eb01ae37a834212e9b5ed567783,
6,.venv/Lib/site-packages/cv2/cv2.pyd,74819072,71.353,pyd,ignored,SAFE_DELETE_CANDIDATE,78db0c836b952d9d5510140677463687c357a7166fddfa6ac7e31abb2d7d9bbd,
7,.venv/Lib/site-packages/torch/lib/torch_cpu.lib,29660092,28.286,lib,ignored,SAFE_DELETE_CANDIDATE,695275f62b2b26a9fe6860c9691e637a4aecfba9d26f99661f857e6f3a6915af,
8,.venv/Lib/site-packages/cv2/opencv_videoio_ffmpeg4130_64.dll,28578304,27.254,dll,ignored,SAFE_DELETE_CANDIDATE,fcc614672159094a35815b7ea2819a648cbf86c30d90c57e8c6ba1432f594548,
9,.venv/Lib/site-packages/numpy.libs/libscipy_openblas64_-63c857e738469261263c764a36be9436.dll,20415488,19.47,dll,ignored,SAFE_DELETE_CANDIDATE,63c857e738469261263c764a36be9436ebdeaa272e340a828f42047a97131080,
10,.venv/Lib/site-packages/scipy.libs/libscipy_openblas-197ee2fc9b4d071f7e048078cac74115.dll,20262912,19.324,dll,ignored,SAFE_DELETE_CANDIDATE,197ee2fc9b4d071f7e048078cac741151a6585d871061cf5f88c0c73e31963a5,
11,.venv/Lib/site-packages/av.libs/libx265-668b2e71a6cd3b80e84445adafe9696a.dll,20128256,19.196,dll,ignored,SAFE_DELETE_CANDIDATE,32fffdcc411e2b5ed53a13d375eae897b8d35eab314badf99ef98d94725a4a46,
12,yolo11s.pt,19313732,18.419,model,ignored,KEEP_RUNTIME,85a76fe86dd8afe384648546b56a7a78580c7cb7b404fc595f97969322d502d5,configs/default.yaml;configs/demo.yaml;configs/experiments/orbbec_gemini_object_anchor_full99.yaml;configs/experiments/orbbec_gemini_object_anchor_mvp_final.yaml;configs/experiments/orbbec_gemini_object_anchor_pilot.yaml;configs/image_folder.yaml;configs/orbbec_gemini.yaml;experiments/repeatability_run.py;src/detect.py;tests/test_object_anchor_replacement_feasibility.py
13,.venv/Lib/site-packages/torch/lib/torch_python.dll,18795520,17.925,dll,ignored,SAFE_DELETE_CANDIDATE,887a41dd6689998598814198f1cae5a6c8d4b196410a8185f3f94d54eda90667,
14,.venv/Lib/site-packages/pyorbbecsdk/examples/applications/object_detection/models/yolov5s.onnx,14698981,14.018,model,ignored,SAFE_DELETE_CANDIDATE,8bc25a47abdbe2fd23e30eb948746bf856b031ea3cc815166687f52db9f8c659,
15,.venv/Lib/site-packages/av.libs/avcodec-60-603dc320701874565ad4f886b49958fe.dll,14265344,13.604,dll,ignored,SAFE_DELETE_CANDIDATE,9b5bf4ee018330ed028212f3a55e1704ec3af9e71dfdb9b0e25ee0ce006ae108,
16,Log/OrbbecSDK.log.txt,9657439,9.21,log,tracked_modified:M,MANUAL_REVIEW,ae593cdd2a0672f1b3c04b14b539f63b2f06c050cfaa71d0fb210bd6688df28a,
17,.venv/Lib/site-packages/av.libs/libaom-3c98a6db777c6c7fedeac4ae87f4314b.dll,8945664,8.531,dll,ignored,SAFE_DELETE_CANDIDATE,c6efc64fb15d5d164329468cbd74c56ef2a3983d9752e41dd084e66e62446f0b,
18,.venv/Lib/site-packages/torch/lib/sleef.lib,8812252,8.404,lib,ignored,SAFE_DELETE_CANDIDATE,395fa27687d60396bb66153486210600e7dda00adce20e93d3c2feb7aff2e4a5,
19,.venv/Lib/site-packages/pyorbbecsdk/OrbbecSDK.dll,8556544,8.16,dll,ignored,SAFE_DELETE_CANDIDATE,01cee56d8fea382816cf719f46b9e5692532f6ed9d04a95fb7de126c39fc49d0,
20,.venv/Lib/site-packages/PIL/_avif.cp312-win_amd64.pyd,7893504,7.528,pyd,ignored,SAFE_DELETE_CANDIDATE,6731dce52baab0b96b0eeb3c664844b5b42c2168ea8668af2430e2fbdd2dfbd8,
21,calibration/rectify_maps_map1_left.npy,7680128,7.324,npy,ignored,KEEP_REPRODUCIBILITY,e509266723924163882919e2636c7ee02a0222310d2b45c2a560c64214ff2cd1,
22,calibration/rectify_maps_map1_right.npy,7680128,7.324,npy,ignored,KEEP_REPRODUCIBILITY,e509266723924163882919e2636c7ee02a0222310d2b45c2a560c64214ff2cd1,
23,calibration/rectify_maps_map2_left.npy,7680128,7.324,npy,ignored,KEEP_REPRODUCIBILITY,04c003314a494880cad34b7af5ef9bc1288e6950f79c125c49bf19d1e2376579,
24,calibration/rectify_maps_map2_right.npy,7680128,7.324,npy,ignored,KEEP_REPRODUCIBILITY,04c003314a494880cad34b7af5ef9bc1288e6950f79c125c49bf19d1e2376579,
25,.venv/Lib/site-packages/torchvision/python312.dll,7409480,7.066,dll,ignored,SAFE_DELETE_CANDIDATE,72c1bea78e0c49f746889a3af8c4973e044e50e319c1c976dd98059a403404da,
26,.venv/Lib/site-packages/scipy/optimize/_highspy/_core.cp312-win_amd64.pyd,6709248,6.398,pyd,ignored,SAFE_DELETE_CANDIDATE,f2c065c1249d9dad26589f8645a8af7a7095478998aba9c94f8dc98bd84b0565,
27,yolov8n.pt,6549796,6.246,model,ignored,ARCHIVE_RND,f59b3d833e2ff32e194b5bb8e08d211dc7c5bdf144b90d2c8412c47ccfc83b36,
28,yolo11n-pose.pt,6255593,5.966,model,ignored,KEEP_REPRODUCIBILITY,869e83fcdffdc7371fa4e34cd8e51c838cc729571d1635e5141e3075e9319dc0,scripts/train_object_anchor_pose.py
29,models/object_anchor/tissue_box_01_front_only/best.pt,5643336,5.382,model,ignored,KEEP_REPRODUCIBILITY,d37fd4ca4deb2de9ee3b13d816e30496a5a5d0f369d8a8c2d902672aad6f6db4,docs/OBJECT_ANCHOR_PILOT.md
30,runs/object_anchor_pose/tissue_box_01_front_only_pilot/weights/best.pt,5643336,5.382,model,ignored,KEEP_REPRODUCIBILITY,d37fd4ca4deb2de9ee3b13d816e30496a5a5d0f369d8a8c2d902672aad6f6db4,docs/OBJECT_ANCHOR_PILOT.md
31,runs/object_anchor_pose/tissue_box_01_front_only_pilot/weights/last.pt,5643336,5.382,model,ignored,ARCHIVE_RND,93d216e7ac89643858e260e3d2c6f30d2186442f9914e972fe6f250495d8ab43,
32,models/object_anchor/tissue_box_01_front_only_orbbec_full99/best.pt,5619720,5.359,model,ignored,KEEP_RUNTIME,2512be192c87242633b5aec4ceba332937a51c82e3853bfbde83cdd8300dd198,configs/experiments/orbbec_gemini_object_anchor_full99.yaml;configs/experiments/orbbec_gemini_object_anchor_mvp_final.yaml;configs/orbbec_gemini.yaml;experiments/object_anchor_replacement_feasibility.py;scripts/summarize_object_anchor_full99.py;tests/test_object_anchor_preview.py;tests/test_object_anchor_replacement_feasibility.py
33,out/object_anchor_full99/training/weights/best.pt,5619720,5.359,model,ignored,ARCHIVE_RND,2512be192c87242633b5aec4ceba332937a51c82e3853bfbde83cdd8300dd198,
34,out/object_anchor_full99/training/weights/last.pt,5619720,5.359,model,ignored,ARCHIVE_RND,5c615f6aa6bc9c182d2ab80e92ed87cdd927562f301acc403df5d76bd384fccf,
35,runs/object_anchor_pose/tissue_box_01_front_only_orbbec_full99/weights/best.pt,5619720,5.359,model,ignored,KEEP_REPRODUCIBILITY,2512be192c87242633b5aec4ceba332937a51c82e3853bfbde83cdd8300dd198,
36,runs/object_anchor_pose/tissue_box_01_front_only_orbbec_full99/weights/last.pt,5619720,5.359,model,ignored,ARCHIVE_RND,5c615f6aa6bc9c182d2ab80e92ed87cdd927562f301acc403df5d76bd384fccf,
37,models/object_anchor/tissue_box_01_front_only_orbbec_pilot/best.pt,5613064,5.353,model,ignored,KEEP_REPRODUCIBILITY,1f33fa51c656f4b8fc3c3e92e9eb5d7d6ea0d886b8a0c71fc1b14ba94d8e80ad,configs/experiments/orbbec_gemini_object_anchor_pilot.yaml;scripts/summarize_object_anchor_full99.py
38,runs/object_anchor_pose/tissue_box_01_front_only_orbbec_pilot/weights/best.pt,5613064,5.353,model,ignored,KEEP_REPRODUCIBILITY,1f33fa51c656f4b8fc3c3e92e9eb5d7d6ea0d886b8a0c71fc1b14ba94d8e80ad,
39,runs/object_anchor_pose/tissue_box_01_front_only_orbbec_pilot/weights/last.pt,5613064,5.353,model,ignored,ARCHIVE_RND,1d717872bfe7341370eea40502d7c43ad793b316558d370c9161fa29afd76173,
40,data/datasets/tissue_box_front_orbbec_full99/images/legacy_test/tissue_F_001.jpg,5311651,5.066,image,ignored,KEEP_REPRODUCIBILITY,931f284285f925945cb58ea6d95bd990f51148557c387590b124a037270018f6,
41,data/datasets/tissue_box_front_orbbec_pilot/images/test/tissue_F_001.jpg,5311651,5.066,image,ignored,KEEP_REPRODUCIBILITY,931f284285f925945cb58ea6d95bd990f51148557c387590b124a037270018f6,
42,data/tissue_box_front_only_pose/images/val/tissue_F_001.jpg,5311651,5.066,image,ignored,KEEP_REPRODUCIBILITY,931f284285f925945cb58ea6d95bd990f51148557c387590b124a037270018f6,
43,data/datasets/tissue_box_front_orbbec_full99/images/train/tissue_F_003.jpg,4956453,4.727,image,ignored,KEEP_REPRODUCIBILITY,554d1c5f0c8ea1b2af18f2839402b6c2cfbf98a8532eb8d3e75d549e45fd9932,
44,data/datasets/tissue_box_front_orbbec_pilot/images/train/tissue_F_003.jpg,4956453,4.727,image,ignored,KEEP_REPRODUCIBILITY,554d1c5f0c8ea1b2af18f2839402b6c2cfbf98a8532eb8d3e75d549e45fd9932,
45,data/tissue_box_front_only_pose/images/train/tissue_F_003.jpg,4956453,4.727,image,ignored,KEEP_REPRODUCIBILITY,554d1c5f0c8ea1b2af18f2839402b6c2cfbf98a8532eb8d3e75d549e45fd9932,
46,data/datasets/tissue_box_front_orbbec_full99/images/train/tissue_FTR_002.jpg,4882500,4.656,image,ignored,KEEP_REPRODUCIBILITY,d2993de9b500e9d147c5e77cda4ab825db5d1e6cb74937df0ed7c0286dd3e2e1,
47,data/datasets/tissue_box_front_orbbec_pilot/images/train/tissue_FTR_002.jpg,4882500,4.656,image,ignored,KEEP_REPRODUCIBILITY,d2993de9b500e9d147c5e77cda4ab825db5d1e6cb74937df0ed7c0286dd3e2e1,
48,data/tissue_box_front_only_pose/images/train/tissue_FTR_002.jpg,4882500,4.656,image,ignored,KEEP_REPRODUCIBILITY,d2993de9b500e9d147c5e77cda4ab825db5d1e6cb74937df0ed7c0286dd3e2e1,
49,data/datasets/tissue_box_front_orbbec_full99/images/legacy_test/tissue_F_005.jpg,4759331,4.539,image,ignored,KEEP_REPRODUCIBILITY,50b34123fc8aef1e38668d30a128b54b8557e07c4275e345ba9b7f003cdf0ac8,
50,data/datasets/tissue_box_front_orbbec_pilot/images/test/tissue_F_005.jpg,4759331,4.539,image,ignored,KEEP_REPRODUCIBILITY,50b34123fc8aef1e38668d30a128b54b8557e07c4275e345ba9b7f003cdf0ac8,
51,data/tissue_box_front_only_pose/images/val/tissue_F_005.jpg,4759331,4.539,image,ignored,KEEP_REPRODUCIBILITY,50b34123fc8aef1e38668d30a128b54b8557e07c4275e345ba9b7f003cdf0ac8,
52,data/datasets/tissue_box_front_orbbec_full99/images/train/tissue_F_002.jpg,4478142,4.271,image,ignored,KEEP_REPRODUCIBILITY,e64fd0bfc747046f81e48d66c4b81baa2cdb8552e07a260b96a9cf3d1f62d801,
53,data/datasets/tissue_box_front_orbbec_pilot/images/train/tissue_F_002.jpg,4478142,4.271,image,ignored,KEEP_REPRODUCIBILITY,e64fd0bfc747046f81e48d66c4b81baa2cdb8552e07a260b96a9cf3d1f62d801,
54,data/tissue_box_front_only_pose/images/train/tissue_F_002.jpg,4478142,4.271,image,ignored,KEEP_REPRODUCIBILITY,e64fd0bfc747046f81e48d66c4b81baa2cdb8552e07a260b96a9cf3d1f62d801,
55,data/datasets/tissue_box_front_orbbec_full99/images/train/tissue_F_004.jpg,4455224,4.249,image,ignored,KEEP_REPRODUCIBILITY,0eacaff6636eb5077108673272543834dba461bee62915bd2e0f1a895306e1ee,
56,data/datasets/tissue_box_front_orbbec_pilot/images/train/tissue_F_004.jpg,4455224,4.249,image,ignored,KEEP_REPRODUCIBILITY,0eacaff6636eb5077108673272543834dba461bee62915bd2e0f1a895306e1ee,
57,data/tissue_box_front_only_pose/images/train/tissue_F_004.jpg,4455224,4.249,image,ignored,KEEP_REPRODUCIBILITY,0eacaff6636eb5077108673272543834dba461bee62915bd2e0f1a895306e1ee,
58,data/datasets/tissue_box_front_orbbec_full99/images/train/tissue_FTL_004.jpg,4445848,4.24,image,ignored,KEEP_REPRODUCIBILITY,77006968185377e785e960b5d7d61c4359f18f9003f6331b71b6834074eb26c5,
59,data/datasets/tissue_box_front_orbbec_pilot/images/train/tissue_FTL_004.jpg,4445848,4.24,image,ignored,KEEP_REPRODUCIBILITY,77006968185377e785e960b5d7d61c4359f18f9003f6331b71b6834074eb26c5,
60,data/tissue_box_front_only_pose/images/train/tissue_FTL_004.jpg,4445848,4.24,image,ignored,KEEP_REPRODUCIBILITY,77006968185377e785e960b5d7d61c4359f18f9003f6331b71b6834074eb26c5,
61,.venv/Lib/site-packages/av.libs/avfilter-9-4a10fdf0ae156349057d2441402586c2.dll,4382208,4.179,dll,ignored,SAFE_DELETE_CANDIDATE,a10633ccf80e0454da79b40f6958d924c077af9347ca0e466e90be714cb39f86,
62,data/datasets/tissue_box_front_orbbec_full99/images/legacy_test/tissue_FDL_004.jpg,4379413,4.177,image,ignored,KEEP_REPRODUCIBILITY,475d4ce08f34a3057c64c20cf1defc402d3756f812c7c9d99b247117178ab0cf,
63,data/datasets/tissue_box_front_orbbec_pilot/images/test/tissue_FDL_004.jpg,4379413,4.177,image,ignored,KEEP_REPRODUCIBILITY,475d4ce08f34a3057c64c20cf1defc402d3756f812c7c9d99b247117178ab0cf,
64,data/tissue_box_front_only_pose/images/val/tissue_FDL_004.jpg,4379413,4.177,image,ignored,KEEP_REPRODUCIBILITY,475d4ce08f34a3057c64c20cf1defc402d3756f812c7c9d99b247117178ab0cf,
65,data/datasets/tissue_box_front_orbbec_full99/images/train/tissue_FDL_002.jpg,4346530,4.145,image,ignored,KEEP_REPRODUCIBILITY,35acca275688c79bb3957a8eaea374b4137667732b7a3bfdc27eddbaacb14955,
66,data/datasets/tissue_box_front_orbbec_pilot/images/train/tissue_FDL_002.jpg,4346530,4.145,image,ignored,KEEP_REPRODUCIBILITY,35acca275688c79bb3957a8eaea374b4137667732b7a3bfdc27eddbaacb14955,
67,data/tissue_box_front_only_pose/images/train/tissue_FDL_002.jpg,4346530,4.145,image,ignored,KEEP_REPRODUCIBILITY,35acca275688c79bb3957a8eaea374b4137667732b7a3bfdc27eddbaacb14955,
68,data/datasets/tissue_box_front_orbbec_full99/images/train/tissue_FTR_003.jpg,4256149,4.059,image,ignored,KEEP_REPRODUCIBILITY,47086fbb618c013035c417b2782e7b817d68472eccb5d5ecd04d63f2b0f0476b,
69,data/datasets/tissue_box_front_orbbec_pilot/images/train/tissue_FTR_003.jpg,4256149,4.059,image,ignored,KEEP_REPRODUCIBILITY,47086fbb618c013035c417b2782e7b817d68472eccb5d5ecd04d63f2b0f0476b,
70,data/tissue_box_front_only_pose/images/train/tissue_FTR_003.jpg,4256149,4.059,image,ignored,KEEP_REPRODUCIBILITY,47086fbb618c013035c417b2782e7b817d68472eccb5d5ecd04d63f2b0f0476b,
71,.venv/Lib/site-packages/scipy/sparse/_sparsetools.cp312-win_amd64.pyd,4239360,4.043,pyd,ignored,SAFE_DELETE_CANDIDATE,48fb42789ccb90c39919b58f9a88d41470ac7ae0856f2f534ee23ae25fdef9f3,
72,data/datasets/tissue_box_front_orbbec_full99/images/train/tissue_FDL_003.jpg,4156578,3.964,image,ignored,KEEP_REPRODUCIBILITY,8b0713c3c98f5ab8e61e1c46be4c0e6c05dc7b86a3b49a228f3255a8db7954ef,
73,data/datasets/tissue_box_front_orbbec_pilot/images/train/tissue_FDL_003.jpg,4156578,3.964,image,ignored,KEEP_REPRODUCIBILITY,8b0713c3c98f5ab8e61e1c46be4c0e6c05dc7b86a3b49a228f3255a8db7954ef,
74,data/tissue_box_front_only_pose/images/train/tissue_FDL_003.jpg,4156578,3.964,image,ignored,KEEP_REPRODUCIBILITY,8b0713c3c98f5ab8e61e1c46be4c0e6c05dc7b86a3b49a228f3255a8db7954ef,
75,data/datasets/tissue_box_front_orbbec_full99/images/train/tissue_FDL_001.jpg,4142465,3.951,image,ignored,KEEP_REPRODUCIBILITY,d3a2ed488b6037a06aaa6a59d9cf0122ba7d3d9491f0f59846876f511788037e,
76,data/datasets/tissue_box_front_orbbec_pilot/images/train/tissue_FDL_001.jpg,4142465,3.951,image,ignored,KEEP_REPRODUCIBILITY,d3a2ed488b6037a06aaa6a59d9cf0122ba7d3d9491f0f59846876f511788037e,
77,data/tissue_box_front_only_pose/images/train/tissue_FDL_001.jpg,4142465,3.951,image,ignored,KEEP_REPRODUCIBILITY,d3a2ed488b6037a06aaa6a59d9cf0122ba7d3d9491f0f59846876f511788037e,
78,data/datasets/tissue_box_front_orbbec_full99/images/train/tissue_FDR_001.jpg,3991000,3.806,image,ignored,KEEP_REPRODUCIBILITY,205c545cdf0d4b01d81efed37d685a0e19aa5071c9c8e5d45c7708d54500bad7,
79,data/datasets/tissue_box_front_orbbec_pilot/images/train/tissue_FDR_001.jpg,3991000,3.806,image,ignored,KEEP_REPRODUCIBILITY,205c545cdf0d4b01d81efed37d685a0e19aa5071c9c8e5d45c7708d54500bad7,
80,data/tissue_box_front_only_pose/images/train/tissue_FDR_001.jpg,3991000,3.806,image,ignored,KEEP_REPRODUCIBILITY,205c545cdf0d4b01d81efed37d685a0e19aa5071c9c8e5d45c7708d54500bad7,
81,data/datasets/tissue_box_front_orbbec_full99/images/legacy_test/tissue_FDR_005.jpg,3934384,3.752,image,ignored,KEEP_REPRODUCIBILITY,b3f40768a4ab94d4345d65f0227e8e2eee276d40dcdc0369930f6ee3c8372e93,
82,data/datasets/tissue_box_front_orbbec_pilot/images/test/tissue_FDR_005.jpg,3934384,3.752,image,ignored,KEEP_REPRODUCIBILITY,b3f40768a4ab94d4345d65f0227e8e2eee276d40dcdc0369930f6ee3c8372e93,
83,data/tissue_box_front_only_pose/images/val/tissue_FDR_005.jpg,3934384,3.752,image,ignored,KEEP_REPRODUCIBILITY,b3f40768a4ab94d4345d65f0227e8e2eee276d40dcdc0369930f6ee3c8372e93,
84,data/datasets/tissue_box_front_orbbec_full99/images/train/tissue_FDR_002.jpg,3892453,3.712,image,ignored,KEEP_REPRODUCIBILITY,b6d9dd9ee4e23ac59d9dd093a0aa417ca238c0b3f5640acaf2bcff33ed3fab2b,
85,data/datasets/tissue_box_front_orbbec_pilot/images/train/tissue_FDR_002.jpg,3892453,3.712,image,ignored,KEEP_REPRODUCIBILITY,b6d9dd9ee4e23ac59d9dd093a0aa417ca238c0b3f5640acaf2bcff33ed3fab2b,
86,data/tissue_box_front_only_pose/images/train/tissue_FDR_002.jpg,3892453,3.712,image,ignored,KEEP_REPRODUCIBILITY,b6d9dd9ee4e23ac59d9dd093a0aa417ca238c0b3f5640acaf2bcff33ed3fab2b,
87,data/datasets/tissue_box_front_orbbec_full99/images/train/tissue_FDR_003.jpg,3836096,3.658,image,ignored,KEEP_REPRODUCIBILITY,ef3d10ef487ae00eb71dfb135e28abbc01926bd60a53f09c9e2298b2a3dfd918,
88,data/datasets/tissue_box_front_orbbec_pilot/images/train/tissue_FDR_003.jpg,3836096,3.658,image,ignored,KEEP_REPRODUCIBILITY,ef3d10ef487ae00eb71dfb135e28abbc01926bd60a53f09c9e2298b2a3dfd918,
89,data/tissue_box_front_only_pose/images/train/tissue_FDR_003.jpg,3836096,3.658,image,ignored,KEEP_REPRODUCIBILITY,ef3d10ef487ae00eb71dfb135e28abbc01926bd60a53f09c9e2298b2a3dfd918,
90,data/datasets/tissue_box_front_orbbec_full99/images/train/tissue_FDR_004.jpg,3821444,3.644,image,ignored,KEEP_REPRODUCIBILITY,c0e197952576117ae8662863ee31f9549f48bd054710b0bfcef881d78f0c7a39,
91,data/datasets/tissue_box_front_orbbec_pilot/images/train/tissue_FDR_004.jpg,3821444,3.644,image,ignored,KEEP_REPRODUCIBILITY,c0e197952576117ae8662863ee31f9549f48bd054710b0bfcef881d78f0c7a39,
92,data/tissue_box_front_only_pose/images/train/tissue_FDR_004.jpg,3821444,3.644,image,ignored,KEEP_REPRODUCIBILITY,c0e197952576117ae8662863ee31f9549f48bd054710b0bfcef881d78f0c7a39,
93,data/datasets/tissue_box_front_orbbec_full99/images/train/tissue_FTR_001.jpg,3802142,3.626,image,ignored,KEEP_REPRODUCIBILITY,d6cd60fc0b2951b54d980db9fb7984935283b905c34c5e1cc42ec93346a23e85,
94,data/datasets/tissue_box_front_orbbec_pilot/images/train/tissue_FTR_001.jpg,3802142,3.626,image,ignored,KEEP_REPRODUCIBILITY,d6cd60fc0b2951b54d980db9fb7984935283b905c34c5e1cc42ec93346a23e85,
95,data/tissue_box_front_only_pose/images/train/tissue_FTR_001.jpg,3802142,3.626,image,ignored,KEEP_REPRODUCIBILITY,d6cd60fc0b2951b54d980db9fb7984935283b905c34c5e1cc42ec93346a23e85,
96,data/datasets/tissue_box_front_orbbec_full99/images/legacy_test/tissue_FTL_005.jpg,3782150,3.607,image,ignored,KEEP_REPRODUCIBILITY,251726a3999d488e8a91b4dfaadcfa247be7196e1c8d0d6274f6193ad3841299,
97,data/datasets/tissue_box_front_orbbec_pilot/images/test/tissue_FTL_005.jpg,3782150,3.607,image,ignored,KEEP_REPRODUCIBILITY,251726a3999d488e8a91b4dfaadcfa247be7196e1c8d0d6274f6193ad3841299,
98,data/tissue_box_front_only_pose/images/val/tissue_FTL_005.jpg,3782150,3.607,image,ignored,KEEP_REPRODUCIBILITY,251726a3999d488e8a91b4dfaadcfa247be7196e1c8d0d6274f6193ad3841299,
99,.venv/Lib/site-packages/numpy/_core/_multiarray_umath.cp312-win_amd64.pyd,3714560,3.542,pyd,ignored,SAFE_DELETE_CANDIDATE,f4523c2dfe641a904605029ce4a5046388bd61b18afc0594d34018b5e6d848f8,
100,data/datasets/tissue_box_front_orbbec_full99/images/train/tissue_FTR_004.jpg,3482313,3.321,image,ignored,KEEP_REPRODUCIBILITY,28d2b192ffa9dc54e1699b071f4df43ffc503738ae981ce4200360faa5d55062,
101,data/datasets/tissue_box_front_orbbec_pilot/images/train/tissue_FTR_004.jpg,3482313,3.321,image,ignored,KEEP_REPRODUCIBILITY,28d2b192ffa9dc54e1699b071f4df43ffc503738ae981ce4200360faa5d55062,
102,data/tissue_box_front_only_pose/images/train/tissue_FTR_004.jpg,3482313,3.321,image,ignored,KEEP_REPRODUCIBILITY,28d2b192ffa9dc54e1699b071f4df43ffc503738ae981ce4200360faa5d55062,
103,data/datasets/tissue_box_front_orbbec_full99/images/train/tissue_FTL_002.jpg,3440748,3.281,image,ignored,KEEP_REPRODUCIBILITY,2d1726d49ec0979730cc3f1e0345e446c343de43f8f4e042a7424487436879ea,
104,data/datasets/tissue_box_front_orbbec_pilot/images/train/tissue_FTL_002.jpg,3440748,3.281,image,ignored,KEEP_REPRODUCIBILITY,2d1726d49ec0979730cc3f1e0345e446c343de43f8f4e042a7424487436879ea,
105,data/tissue_box_front_only_pose/images/train/tissue_FTL_002.jpg,3440748,3.281,image,ignored,KEEP_REPRODUCIBILITY,2d1726d49ec0979730cc3f1e0345e446c343de43f8f4e042a7424487436879ea,
106,data/datasets/tissue_box_front_orbbec_full99/images/legacy_test/tissue_FTR_005.jpg,2996069,2.857,image,ignored,KEEP_REPRODUCIBILITY,aeb5952fc42ac3afffca83408958ed7b8adfc3374275be5947a4d9d58a76c328,
107,data/datasets/tissue_box_front_orbbec_pilot/images/test/tissue_FTR_005.jpg,2996069,2.857,image,ignored,KEEP_REPRODUCIBILITY,aeb5952fc42ac3afffca83408958ed7b8adfc3374275be5947a4d9d58a76c328,
108,data/tissue_box_front_only_pose/images/val/tissue_FTR_005.jpg,2996069,2.857,image,ignored,KEEP_REPRODUCIBILITY,aeb5952fc42ac3afffca83408958ed7b8adfc3374275be5947a4d9d58a76c328,
109,data/datasets/tissue_box_front_orbbec_full99/images/train/tissue_FTL_001.jpg,2932963,2.797,image,ignored,KEEP_REPRODUCIBILITY,f9dc16951f5ca264f7e9ef0f1f76aa79d7492d274648aca785e2822ada7ae030,
110,data/datasets/tissue_box_front_orbbec_pilot/images/train/tissue_FTL_001.jpg,2932963,2.797,image,ignored,KEEP_REPRODUCIBILITY,f9dc16951f5ca264f7e9ef0f1f76aa79d7492d274648aca785e2822ada7ae030,
111,data/tissue_box_front_only_pose/images/train/tissue_FTL_001.jpg,2932963,2.797,image,ignored,KEEP_REPRODUCIBILITY,f9dc16951f5ca264f7e9ef0f1f76aa79d7492d274648aca785e2822ada7ae030,
112,out/tissue_box_init_sanitized/verification/tissue_box_bottom_verified.jpg,2928109,2.792,image,ignored,ARCHIVE_RND,593ce985e7cd8c72b5ae845a1c4f0316bfbd9631dbbc08bde1760ce640816f6c,
113,.venv/Lib/site-packages/torch/lib/microkernels-prod.lib,2891768,2.758,lib,ignored,SAFE_DELETE_CANDIDATE,0ed36007e0134d4bcd58a705987875604fa96a207c076eaa7d7ea3730b7b081e,
114,out/object_anchor_pilot/label_overlays/legacy_white_background__tissue_FTR_002.jpg,2890787,2.757,image,ignored,ARCHIVE_RND,21d36560c7a1dd71bd41ca38bca07985b425f1b6f4f4f404d243ab3f04cedd18,
115,.venv/Lib/site-packages/scipy/io/_fast_matrix_market/_fmm_core.cp312-win_amd64.pyd,2880512,2.747,pyd,ignored,SAFE_DELETE_CANDIDATE,c76e58336983e095a79a11df4b78175dd18368cf6ec27f44d7db6b297d4af717,
116,out/tissue_box_front_24_sanitized/verification/tissue_FTR_002_verified.jpg,2872535,2.739,image,ignored,ARCHIVE_RND,c40626c640c849a0d400fc7b2435b253551a6a8c370f1501294aa263e70a078c,
117,data/datasets/tissue_box_front_orbbec_full99/images/train/tissue_FTL_003.jpg,2866223,2.733,image,ignored,KEEP_REPRODUCIBILITY,6886160b22eb1366937e30e990d7363c3b443c623f4648bcfbda6d6b1fcc89ec,
118,data/datasets/tissue_box_front_orbbec_pilot/images/train/tissue_FTL_003.jpg,2866223,2.733,image,ignored,KEEP_REPRODUCIBILITY,6886160b22eb1366937e30e990d7363c3b443c623f4648bcfbda6d6b1fcc89ec,
119,data/tissue_box_front_only_pose/images/train/tissue_FTL_003.jpg,2866223,2.733,image,ignored,KEEP_REPRODUCIBILITY,6886160b22eb1366937e30e990d7363c3b443c623f4648bcfbda6d6b1fcc89ec,
120,out/tissue_box_front_24_sanitized/dataset/images/train/tissue_F_001.jpg,2860845,2.728,image,ignored,ARCHIVE_RND,c6b51f35d520977a6f4ece6aaa9b19f31c46a645af22499bd09a720aa8b7829b,
121,out/tissue_box_front_24_sanitized/dataset/images/train/tissue_FTR_002.jpg,2827111,2.696,image,ignored,ARCHIVE_RND,85c7a83614face9e9562762ad657578ebf2bd685e367d9068c87017eebcc0d16,
122,.venv/Lib/site-packages/torch/bin/protoc.exe,2800640,2.671,exe,ignored,SAFE_DELETE_CANDIDATE,4d0f4f394ff36701318bee2539dfc91c24579c11dbd4e7efb7fa8ebe28a8e316,
123,.venv/Lib/site-packages/scipy/fft/_duccfft/pyduccfft.cp312-win_amd64.pyd,2786816,2.658,pyd,ignored,SAFE_DELETE_CANDIDATE,0d9b1653acc08a326f9801d39d27dccf5566090c18558053243634995f2f9ac9,
124,out/object_anchor_full99/legacy_regression/full99/overlays/tissue_F_001.jpg,2754934,2.627,image,ignored,ARCHIVE_RND,57cf0656a2672d60adaeeb9a6d893df91d75052b9035b4a93ecef17c4ec42b4c,
125,out/object_anchor_full99/legacy_regression/baseline/overlays/tissue_F_001.jpg,2754357,2.627,image,ignored,ARCHIVE_RND,80fc831ad1aa86defd9cc4240055f4a75dabc3c35b8bb8995d74098d451a7130,
126,out/object_anchor_pilot/regression_baseline/overlays/tissue_F_001.jpg,2753846,2.626,image,ignored,ARCHIVE_RND,fa2fa14c24249a198e95d5e0dc0bf16fa0efe63dd80aabfae03adcee97dd6d4a,
127,out/object_anchor_full99/legacy_regression/pilot/overlays/tissue_F_001.jpg,2745810,2.619,image,ignored,ARCHIVE_RND,b4261d7f9791dede1442ec4ad37f683c291b1b8e09f0ef0ef3da4f7d2c1c9383,
128,out/object_anchor_pilot/regression_pilot/overlays/tissue_F_001.jpg,2745456,2.618,image,ignored,ARCHIVE_RND,90f6aafd9e3f93d078fe08e190476b39456228da5801132ff911e52032b1d2e4,
129,out/tissue_box_front_only_val_predictions_ids/tissue_F_001.jpg,2710461,2.585,image,ignored,SAFE_DELETE_CANDIDATE,18930ef50c3eb0b041faca5c5d868eb96534c431c1181d8b84bec17b0247f614,
130,.venv/Lib/site-packages/torch/lib/XNNPACK.lib,2703490,2.578,lib,ignored,SAFE_DELETE_CANDIDATE,0ce6a46c4748b8667f05042f267e7829038e2381c7995879b71d33e403a26af2,
131,.venv/Lib/site-packages/cv2/data/haarcascade_frontalface_alt_tree.xml,2689040,2.564,xml,ignored,SAFE_DELETE_CANDIDATE,0e5ee47ecc13269d54dd7a55f8b53752167c52587720877732388fb078a0480a,
132,out/tissue_box_front_only_val_predictions/tissue_F_001.jpg,2680347,2.556,image,ignored,SAFE_DELETE_CANDIDATE,8a5f197187beca6d92bac78214fb155149d2b90f2f57aed602a6735402294edb,
133,out/tissue_box_front_only_val_predictions_max1/tissue_F_001.jpg,2680347,2.556,image,ignored,SAFE_DELETE_CANDIDATE,8a5f197187beca6d92bac78214fb155149d2b90f2f57aed602a6735402294edb,
134,out/object_anchor_pilot/label_overlays/legacy_white_background__tissue_F_001.jpg,2676641,2.553,image,ignored,ARCHIVE_RND,43968f81c93efdd0023a94874338fab9bb162bbcbd798d735ca2ec800ad7dfc6,
135,.venv/Lib/site-packages/scipy/special/_ufuncs_cxx.cp312-win_amd64.pyd,2673664,2.55,pyd,ignored,SAFE_DELETE_CANDIDATE,ad42de0cab220447867a3a436f5991f3c7f295d9db8b25370c6d5ba27f9ec4c2,
136,out/tissue_box_init_sanitized/verification/tissue_box_left_verified.jpg,2667026,2.543,image,ignored,ARCHIVE_RND,c441042e88d6054fb5dd70f7fea8cc0068017f347cb2f205f1de6f5a4aea921f,
137,out/tissue_box_front_24_sanitized/verification/tissue_F_001_verified.jpg,2647767,2.525,image,ignored,ARCHIVE_RND,3b8d5f2079aaf42331680355b7b173f791c9b19f9ef36b3dd5f73f1b43ebe5b4,
138,.venv/Lib/site-packages/PIL/_imaging.cp312-win_amd64.pyd,2632704,2.511,pyd,ignored,SAFE_DELETE_CANDIDATE,c8c519ec72bf75b2945b4fc4afa854af2fca8b970a403134f9ddda3e164d85e9,
139,out/object_anchor_pilot/label_overlays/legacy_white_background__tissue_FTL_004.jpg,2627388,2.506,image,ignored,ARCHIVE_RND,0e576bfc9875eb25aa835544a9711177005c6aa434b291959bc814cb1d845c4f,
140,out/tissue_box_front_24_sanitized/verification/tissue_FTL_004_verified.jpg,2613674,2.493,image,ignored,ARCHIVE_RND,acaf3b58ba41b806b3794da7aa9609d6116976be239c7754214ad3b6680e05a0,
141,out/object_anchor_pilot/label_overlays/legacy_white_background__tissue_FTR_003.jpg,2599780,2.479,image,ignored,ARCHIVE_RND,8dae295e2cf87019ecef988b9d175c7bef2e9fbf6109969a7139ed5351d63a15,
142,out/tissue_box_front_24_sanitized/verification/tissue_FTR_003_verified.jpg,2588891,2.469,image,ignored,ARCHIVE_RND,df9e517892ba50fe682358268cd886f70bc2988871d710eae5d47dc339a72842,
143,out/tissue_box_front_24_sanitized/dataset/images/train/tissue_FTL_004.jpg,2577480,2.458,image,ignored,ARCHIVE_RND,52c34165b4b8615886a479e0b0b49960315b61a39c4fe737e3255e99aedf9b42,
144,out/tissue_box_init_sanitized/dataset/images/train/tissue_box_bottom.jpg,2576464,2.457,image,ignored,ARCHIVE_RND,bcb381307daf86b27a72cf5604d55f2236ed8519be0c36b3a7cc4c660c5a4254,
145,.venv/Lib/site-packages/av.libs/avformat-60-57a2858188ed261cf3f90db4ed39d223.dll,2529280,2.412,dll,ignored,SAFE_DELETE_CANDIDATE,03b6b5baa9b2bb731eb43aade5af412353ae02db4b2d0f91ec6c9cbf872fe2ca,
146,out/tissue_box_init_sanitized/verification/tissue_box_top_1_verified.jpg,2510831,2.395,image,ignored,ARCHIVE_RND,0da19ce4eb83ffe095349d0b16af0854d0f5f62e6ba4e5ac12e760828d495456,
147,out/tissue_box_front_24_sanitized/dataset/images/train/tissue_F_003.jpg,2509732,2.393,image,ignored,ARCHIVE_RND,fb3c8586cded4db62860c18174ae9f09f77508069a97b96a59e0c6ec06ec1103,
148,out/object_anchor_full99/legacy_regression/pilot/overlays/tissue_FDL_004.jpg,2505803,2.39,image,ignored,ARCHIVE_RND,cfc9e3245485efa106b310b0688490bc70dd9838acf731cb0f8a2c5d407966f7,
149,out/object_anchor_pilot/regression_pilot/overlays/tissue_FDL_004.jpg,2504837,2.389,image,ignored,ARCHIVE_RND,883e672e15d2200f20b5a7cd640c9c3a5fb618b00128e240e3990f1e8e190f63,
150,.venv/Lib/site-packages/pygame/SDL2.dll,2499072,2.383,dll,ignored,SAFE_DELETE_CANDIDATE,520d0459b91efa32fbccf9027a9ca1fc5aae657e679ce8e90f179f9cf5afd279,
151,out/object_anchor_full99/legacy_regression/full99/overlays/tissue_FDL_004.jpg,2493109,2.378,image,ignored,ARCHIVE_RND,156ae712c30f1f5403c73213825f1535bbd3ba45ed591c0475b416e71bd2f9fc,
152,out/object_anchor_full99/legacy_regression/baseline/overlays/tissue_FDL_004.jpg,2492764,2.377,image,ignored,ARCHIVE_RND,9f11ec694543fd3ae10cbced43ed2a581cbe32b339eaca314716c85f52e1767d,
153,out/object_anchor_pilot/regression_baseline/overlays/tissue_FDL_004.jpg,2491270,2.376,image,ignored,ARCHIVE_RND,5822368b2d123c856f70ac73c9a5a35c5059a7979bbfb1b07439c32c48123c43,
154,.venv/Lib/site-packages/av.libs/libvpx-1-ac040985ee384c489495567deaa8891e.dll,2486784,2.372,dll,ignored,SAFE_DELETE_CANDIDATE,729dcee715d561c76e98e2f3cafc38cc3a045b5ecbe6f485d2a77a7b9440f11d,
155,out/tissue_box_front_only_val_predictions_ids/tissue_FDL_004.jpg,2458290,2.344,image,ignored,SAFE_DELETE_CANDIDATE,8767923acfce74f9d52eb6ff54405140d892b020fee91677efb541ee611ca80d,
156,out/tissue_box_front_24_sanitized/verification/tissue_FDL_002_verified.jpg,2455621,2.342,image,ignored,ARCHIVE_RND,5eacdc459ab52b70b70b1fe6df440dbe3f510cd680d19f8fc9c6b4b478f01bf8,
157,out/object_anchor_pilot/label_overlays/legacy_white_background__tissue_FDL_002.jpg,2455539,2.342,image,ignored,ARCHIVE_RND,ae7c5d2494b9eeaf806b3182e1de99aee113f1703a6ea195b6ea88ddbcf7e120,
158,out/object_anchor_pilot/label_overlays/legacy_white_background__tissue_FDL_004.jpg,2440161,2.327,image,ignored,ARCHIVE_RND,cc716849323a2709271da3d68245f80e9814fe0b45539b36457d85aadb880a7a,
159,out/tissue_box_front_24_sanitized/verification/tissue_FDL_004_verified.jpg,2434873,2.322,image,ignored,ARCHIVE_RND,d66b87405db487a977ca161f9210aa004c6d76c2398207585b540a21962e6c02,
160,out/tissue_box_front_only_val_predictions/tissue_FDL_004.jpg,2429101,2.317,image,ignored,SAFE_DELETE_CANDIDATE,df17423445e950a9217e2f86a08c8dc51ae5108f6bcb795decea28b3d8d623d1,
161,out/tissue_box_front_only_val_predictions_max1/tissue_FDL_004.jpg,2429101,2.317,image,ignored,SAFE_DELETE_CANDIDATE,df17423445e950a9217e2f86a08c8dc51ae5108f6bcb795decea28b3d8d623d1,
162,out/tissue_box_init_sanitized/dataset/images/train/tissue_box_left.jpg,2416914,2.305,image,ignored,ARCHIVE_RND,7802d062356971931ed2e4ac8b7c642673e594ede9bd2d1968517d52a52de58c,
163,out/tissue_box_front_24_sanitized/dataset/images/train/tissue_FDL_002.jpg,2415570,2.304,image,ignored,ARCHIVE_RND,1d2873d31656b2d8f7966dd6c9500341dfd36e8930245f8bc5c47b5a4492c063,
164,out/tissue_box_front_24_sanitized/dataset/images/train/tissue_FDL_004.jpg,2404085,2.293,image,ignored,ARCHIVE_RND,74c15a94262182016205018731d5932594d960bf82ef39410012430d5efe1194,
165,out/tissue_box_front_24_sanitized/dataset/images/train/tissue_F_005.jpg,2400996,2.29,image,ignored,ARCHIVE_RND,76eecd062e657fd40b5f6caad6359de57659ee9c0b3536fb1fb15dfb56e4d0b3,
166,.venv/Lib/site-packages/av.libs/libx264-164-b33ed15d1f262a67c0da331c9f86f918.dll,2370048,2.26,dll,ignored,SAFE_DELETE_CANDIDATE,24094daeeb4acbaecac5e6e5bfef68304ea5d1e979d4ae4a121b6f661c9165fe,
167,out/tissue_box_init_sanitized/verification/tissue_box_back_verified.jpg,2340284,2.232,image,ignored,ARCHIVE_RND,664ce51826de1b11a4dd698931635f17cf22a9222681a135fae19b5408f9728b,
168,.venv/Lib/site-packages/av.libs/libstdc++-6-8e28568f180c324393d6f94f23394eeb.dll,2338816,2.23,dll,ignored,SAFE_DELETE_CANDIDATE,452d9f49ed100e921f299f77ce86ddd082e4997c91e31110a832b4b622fc237a,
169,out/tissue_box_front_24_sanitized/dataset/images/train/tissue_FTR_003.jpg,2333888,2.226,image,ignored,ARCHIVE_RND,c95fe6cbba5f7b16eff3d22bf538641f5ed0be46d92a804a33ca021c6a2fd832,
170,out/tissue_box_init_sanitized/verification/tissue_box_right_verified.jpg,2331261,2.223,image,ignored,ARCHIVE_RND,a82f5c5493a40ba6ae489300a4f0b241b7f607815ca6d1d750fc212f4a9f3070,
171,.venv/Lib/site-packages/matplotlib/ft2font.cp312-win_amd64.pyd,2317312,2.21,pyd,ignored,SAFE_DELETE_CANDIDATE,b65a839290a644136bfeac8226496cb1e325d9aa9cb8374d1e5b1e816f39d112,
172,out/object_anchor_full99/legacy_regression/full99/overlays/tissue_FDR_005.jpg,2308250,2.201,image,ignored,ARCHIVE_RND,d745889f055111a1dabd80b38105b5484bfa38013afa9037c4c9ce1bbeeb0384,
173,out/object_anchor_pilot/label_overlays/legacy_white_background__tissue_F_003.jpg,2306320,2.199,image,ignored,ARCHIVE_RND,914e64a95f6235c8a1852ae90ec1c9a7eb9509df224b61971a159b31b76c5490,
174,out/object_anchor_full99/legacy_regression/pilot/overlays/tissue_FDR_005.jpg,2306266,2.199,image,ignored,ARCHIVE_RND,76e5c48eedcc741e9f3a74dada84268cf7f4d9be745d1e1991727dd3c8688b15,
175,out/object_anchor_pilot/label_overlays/legacy_white_background__tissue_FDL_003.jpg,2305353,2.199,image,ignored,ARCHIVE_RND,f36205192ba960f7424176a7be1d961c0959f994ef7ac8ca524f0f85bb90169d,
176,out/object_anchor_pilot/regression_pilot/overlays/tissue_FDR_005.jpg,2305238,2.198,image,ignored,ARCHIVE_RND,114fe0ac5a58341ee92022c52136ce8abeb0d906bd25d703af678c48b7d9a6fe,
177,out/tissue_box_front_24_sanitized/verification/tissue_FDL_003_verified.jpg,2299576,2.193,image,ignored,ARCHIVE_RND,018525484997d4eadb8ce92e5bf2b102d0c6c99b85ef04b6492fe99d0aea5763,
178,out/object_anchor_full99/legacy_regression/baseline/overlays/tissue_FDR_005.jpg,2298365,2.192,image,ignored,ARCHIVE_RND,508ea5f877741da004f57a7b9c69290d1f6a7e8d97bf00c8b06c5c2ebcbb35c5,
179,out/object_anchor_pilot/regression_baseline/overlays/tissue_FDR_005.jpg,2297288,2.191,image,ignored,ARCHIVE_RND,af29c078f23c0ea0198439d7781c4b97fe223878f14f6a3ccb3e5bb062492b9a,
180,.venv/Lib/site-packages/scipy/linalg/_flapack.cp312-win_amd64.pyd,2294272,2.188,pyd,ignored,SAFE_DELETE_CANDIDATE,cd4d1cca918fb1fdb4f1a3bd514349525e25461b534a8095443bf351269b0d07,
181,out/object_anchor_full99/legacy_regression/pilot/overlays/tissue_F_005.jpg,2290474,2.184,image,ignored,ARCHIVE_RND,95bfb9ed8ba17ef67049a61c67f613201b66d06764bf1296c0048bc06e06a1b1,
182,out/object_anchor_pilot/regression_pilot/overlays/tissue_F_005.jpg,2289846,2.184,image,ignored,ARCHIVE_RND,694066d04f4094db8ebc36f6ea963c90a2f4aabaf52233a2de56f0bb318493e3,
183,out/object_anchor_full99/legacy_regression/baseline/overlays/tissue_F_005.jpg,2280897,2.175,image,ignored,ARCHIVE_RND,85f73944b8d134dbb06ed70f9c7b687f610cee989c1688daf4f6d3591885d74f,
184,out/object_anchor_pilot/regression_baseline/overlays/tissue_F_005.jpg,2279888,2.174,image,ignored,ARCHIVE_RND,772eb4cb9503225e6485aa1887348dcf1e213fb1b816cf39bc9cbf02a8b6fe2d,
185,.venv/Lib/site-packages/torch/include/ATen/RedispatchFunctions.h,2278536,2.173,h,ignored,SAFE_DELETE_CANDIDATE,4e842866e0bc307339879c8e124ff667ced28aa022088fee87372ecc216e419e,
186,out/tissue_box_front_24_sanitized/verification/tissue_F_003_verified.jpg,2273970,2.169,image,ignored,ARCHIVE_RND,fd25b8b1686c6febd5a1b64bdee76aa33669d712df01229908eea905f6b541f4,
187,out/object_anchor_pilot/label_overlays/legacy_white_background__tissue_FDL_001.jpg,2268788,2.164,image,ignored,ARCHIVE_RND,c4aa3cc0dacda87d5f6c4e1a390253f926cf97daa37ca04466753936384a3535,
188,out/object_anchor_full99/legacy_regression/full99/overlays/tissue_F_005.jpg,2267260,2.162,image,ignored,ARCHIVE_RND,5037a7640678eb42772bfdfa1da087694831b4ec1123f845f038c4f7a34fb033,
189,out/tissue_box_front_24_sanitized/verification/tissue_FDL_001_verified.jpg,2266696,2.162,image,ignored,ARCHIVE_RND,ebd9fdffb7af16ae3b0cb5b94e3d2d6872ec69bf6a9eee25bba0c4c36512e4c0,
190,.venv/Lib/site-packages/scipy/special/cython_special.cp312-win_amd64.pyd,2254336,2.15,pyd,ignored,SAFE_DELETE_CANDIDATE,6c1314a2b8b1ebbfcc6347ed1632e5acf77cff8c6aa97b46f4c2568495b42448,
191,out/tissue_box_front_24_sanitized/dataset/images/train/tissue_FDL_003.jpg,2252583,2.148,image,ignored,ARCHIVE_RND,e5702080126f2a6345b8dedf0a8c93fc3cc5e626ee6e19ce9341e95c5a651308,
192,out/tissue_box_front_only_val_predictions_ids/tissue_FDR_005.jpg,2251113,2.147,image,ignored,SAFE_DELETE_CANDIDATE,ca9440a34045e43f087401c1e94001bcf82a96373d703eb66c8a5d5a3f8d0d80,
193,out/object_anchor_pilot/label_overlays/legacy_white_background__tissue_FDR_005.jpg,2247751,2.144,image,ignored,ARCHIVE_RND,fb048f493061bfc2e9c7e6d76b955c6ea7bdd352dbb9bece8935929b96b7f459,
194,out/tissue_box_front_24_sanitized/verification/tissue_FDR_005_verified.jpg,2243728,2.14,image,ignored,ARCHIVE_RND,e3f2480123cd617285f4df8bd6d20ea77b057a93daeb37073f21e672c06e3dc5,
195,out/object_anchor_pilot/label_overlays/legacy_white_background__tissue_FDR_001.jpg,2243175,2.139,image,ignored,ARCHIVE_RND,63c3092b096de5f3bb5e745c5515f810ed61a7348dd15eace3a416257b005286,
196,out/tissue_box_front_24_sanitized/verification/tissue_FDR_001_verified.jpg,2239421,2.136,image,ignored,ARCHIVE_RND,3bf95b479c1a4eab2b58f868d031f457b48857d2664209eece80f0bcdade29a4,
197,out/tissue_box_init_sanitized/verification/tissue_box_front_verified.jpg,2239181,2.135,image,ignored,ARCHIVE_RND,39e6cc3318bad087a1fb1a185b0327f37d5b2a8fc1de7ed0901bb1c1bf7c25b7,
198,out/tissue_box_front_only_val_predictions/tissue_FDR_005.jpg,2236412,2.133,image,ignored,SAFE_DELETE_CANDIDATE,21b199d0e9290469ab3534139fea5994a7b34d2f94a294230aba46d28c6c13e9,
199,out/tissue_box_front_only_val_predictions_max1/tissue_FDR_005.jpg,2236412,2.133,image,ignored,SAFE_DELETE_CANDIDATE,21b199d0e9290469ab3534139fea5994a7b34d2f94a294230aba46d28c6c13e9,
200,out/object_anchor_full99/legacy_regression/full99/overlays/tissue_FTL_005.jpg,2228965,2.126,image,ignored,ARCHIVE_RND,9c0bec9e0144e1dc55e40d7bfbb3257cb3f217198e0dbd6aa0152e551bddd889,
201,samples/stereo_pairs/right/test_img/1.png,2227800,2.125,image,tracked,KEEP_REPRODUCIBILITY,ee2cfd188bb117e4955f3413d2dc4634bb01a130ad97a0bccb35996d342b9e96,
202,samples/stereo_pairs/left/test_img/1.png,2223178,2.12,image,tracked,KEEP_REPRODUCIBILITY,6cfc92d628b176214e280698d9434b29265fa1b74de834733e76e9c639d1b35f,
203,out/object_anchor_pilot/regression_pilot/overlays/tissue_FTL_005.jpg,2222949,2.12,image,ignored,ARCHIVE_RND,ae5088bb6c586fae0093669e0807b9be34931166407c496459d39c29b79f7369,
204,out/tissue_box_front_only_val_predictions_ids/tissue_F_005.jpg,2221930,2.119,image,ignored,SAFE_DELETE_CANDIDATE,0a7cfd90ef2f33867b09e9e72321e1d3a29ce2c3f8d942f6712f11b963a48117,
205,out/object_anchor_full99/legacy_regression/pilot/overlays/tissue_FTL_005.jpg,2221634,2.119,image,ignored,ARCHIVE_RND,2f9a7e0281122bec2b125acf0fc835fd0bc81e5360c30462d83767ba72fe0443,
206,out/tissue_box_init_sanitized/dataset/images/train/tissue_box_top_1.jpg,2217212,2.114,image,ignored,ARCHIVE_RND,ab42dbcaf45cc5450897d9807e0452c0888649a957cd7061256855e6b0d87e2b,
207,out/tissue_box_front_24_sanitized/dataset/images/train/tissue_FDL_001.jpg,2216668,2.114,image,ignored,ARCHIVE_RND,0d07fa614bbdc44b54b48e3c0bc83e00bfe8953d2286c9cadfc43f8fb7c2be08,
208,out/tissue_box_front_only_val_predictions/tissue_F_005.jpg,2212493,2.11,image,ignored,SAFE_DELETE_CANDIDATE,0a8cb74b9d55f4746f78ebb57ba1317d53ef1ac1a47508a0570d86b7d2e740b5,
209,out/tissue_box_front_only_val_predictions_max1/tissue_F_005.jpg,2212493,2.11,image,ignored,SAFE_DELETE_CANDIDATE,0a8cb74b9d55f4746f78ebb57ba1317d53ef1ac1a47508a0570d86b7d2e740b5,
210,out/object_anchor_pilot/label_overlays/legacy_white_background__tissue_F_005.jpg,2207072,2.105,image,ignored,ARCHIVE_RND,269eddd318485c9c1893ba03550ffb77984342b308277ea0542b1d9a365cabe5,
211,out/object_anchor_full99/legacy_regression/baseline/overlays/tissue_FTL_005.jpg,2206603,2.104,image,ignored,ARCHIVE_RND,6faab70fa92d45ba4a6fbd4792f24a872fd42e8f589c5f5d6f72e595b8b424f7,
212,out/object_anchor_pilot/regression_baseline/overlays/tissue_FTL_005.jpg,2205686,2.104,image,ignored,ARCHIVE_RND,dcc946976265d921379909237dabb07c68cbad40f6c3f6efafe737be06586311,
213,.venv/Lib/site-packages/pyorbbecsdk/pyorbbecsdk.cp312-win_amd64.pyd,2200576,2.099,pyd,ignored,SAFE_DELETE_CANDIDATE,f4d677d0824e4f89bc9e04a2171b16d7b7de8b8e4d4f8b3d6e7c44da205e2c35,
214,out/object_anchor_pilot/label_overlays/legacy_white_background__tissue_FDR_002.jpg,2200048,2.098,image,ignored,ARCHIVE_RND,a54c4dd3443477dee046e85e923c40e4e3c7e43b7760b965618da3455161fb6f,
215,out/tissue_box_front_24_sanitized/verification/tissue_FDR_002_verified.jpg,2188571,2.087,image,ignored,ARCHIVE_RND,c3dc248fc126062fbb17f0d2091a7e9e16484c86eea80788fcb480a3d73a91a3,
216,out/tissue_box_front_only_val_predictions/tissue_FTL_005.jpg,2186155,2.085,image,ignored,SAFE_DELETE_CANDIDATE,4a12fbe4c04be557e615be9e7bca261cd10b7cb1c9ab1119ef0b7fbb707f7c23,
217,out/object_anchor_pilot/label_overlays/legacy_white_background__tissue_FTR_001.jpg,2184270,2.083,image,ignored,ARCHIVE_RND,846815a6f18b44d5b58e4e9c2e0a02203b125196be7c51edacc4a4c0eb521f54,
218,out/tissue_box_front_24_sanitized/dataset/images/train/tissue_F_002.jpg,2179738,2.079,image,ignored,ARCHIVE_RND,5b16ec2f4a8fe7e0903ca282af588efda231b64c554254120172a13b2107fbbe,
219,out/tissue_box_front_24_sanitized/dataset/images/train/tissue_FDR_005.jpg,2177966,2.077,image,ignored,ARCHIVE_RND,f0c1bc8d4b6fe2172cc64108bd310957d39ee1b3ce73fe2cf1dfcc8ab22db8f5,
220,out/tissue_box_front_24_sanitized/dataset/images/train/tissue_FDR_001.jpg,2176256,2.075,image,ignored,ARCHIVE_RND,0470ed987a2c4d6928094b9c439873e714bbbe50fead3b86ffd670b13478dd5d,
221,.venv/Lib/site-packages/PIL/_imagingft.cp312-win_amd64.pyd,2174976,2.074,pyd,ignored,SAFE_DELETE_CANDIDATE,77c6d37de41733df40fb36d9af47644989ac17da036515e759303969edb22c48,
222,out/object_anchor_pilot/label_overlays/legacy_white_background__tissue_FTL_005.jpg,2174293,2.074,image,ignored,ARCHIVE_RND,0a356449483e4d4ba697293de0ca8bbc18fb3ab15cc2d782896b213bee212534,
223,out/tissue_box_front_only_val_predictions_ids/tissue_FTL_005.jpg,2173369,2.073,image,ignored,SAFE_DELETE_CANDIDATE,274f1e5daafac727550d49c9e0b4a98f53803c5356d6b010a894dc52ae5d3e51,
224,out/tissue_box_front_24_sanitized/verification/tissue_F_005_verified.jpg,2173139,2.072,image,ignored,ARCHIVE_RND,99ba8987aa7f92d8ad8af4f7a89c887bd6039bbcfee42d94b3c483d38b9bc2e7,
225,out/tissue_box_front_24_sanitized/verification/tissue_FTR_001_verified.jpg,2170474,2.07,image,ignored,ARCHIVE_RND,32adcceb0482a260aed4b71b700a102e346e80929319134704f42659d0ef7ba3,
226,out/tissue_box_front_only_val_predictions_max1/tissue_FTL_005.jpg,2170160,2.07,image,ignored,SAFE_DELETE_CANDIDATE,0807e14afbd0b7af340330ca3a0ba4ba450d34132505d43dc95eaa6199828679,
227,out/tissue_box_front_24_sanitized/verification/tissue_FTL_005_verified.jpg,2170049,2.07,image,ignored,ARCHIVE_RND,a776ae3ac72e50fb01083e2776eedf0425d934cfdeba89a937506456abecc943,
228,out/object_anchor_world/20260728_120922/object_anchor_world_frames.csv,2164227,2.064,tabular_result,ignored,ARCHIVE_RND,9fa13e69ba0c65d454f1b16534784c891181d6571d7e6ce5c348b5f7113e500b,
229,out/tissue_box_init_sanitized/dataset/images/train/tissue_box_right.jpg,2134778,2.036,image,ignored,ARCHIVE_RND,00b8b7ce396130effa6c967528eef7e1853bb74ae7b7f8cf1b9c693af7c0fa9a,
230,out/tissue_box_init_sanitized/dataset/images/train/tissue_box_back.jpg,2133938,2.035,image,ignored,ARCHIVE_RND,4918b0f42bc7795baa1dac6bb937a0794005de3604b7a493c6e7b4a9f5dae3e9,
231,out/tissue_box_front_24_sanitized/dataset/images/train/tissue_FDR_002.jpg,2128096,2.03,image,ignored,ARCHIVE_RND,2182d07f18546e3ce1dd1219210602af3cb78565aaa3265412307067b641f47c,
232,out/tissue_box_front_24_sanitized/dataset/images/train/tissue_FTL_005.jpg,2121378,2.023,image,ignored,ARCHIVE_RND,996c79d54fc745cfbca8463e79dd8bc032cca00988c293b738e365f37cc3585d,
233,out/tissue_box_front_24_sanitized/dataset/images/train/tissue_FTR_001.jpg,2118822,2.021,image,ignored,ARCHIVE_RND,39d3f6b2df7dd754d503facd3cbaf7e451f9429398f5cb13a49d95c54884d5c8,
234,out/object_anchor_pilot/label_overlays/legacy_white_background__tissue_FDR_003.jpg,2112814,2.015,image,ignored,ARCHIVE_RND,12bf018cd189855763845b73dc913b64e1ebd009fe31ee24eeff7c482a83ba2b,
235,out/tissue_box_front_24_sanitized/dataset/images/train/tissue_F_004.jpg,2112304,2.014,image,ignored,ARCHIVE_RND,1db8e5e89a7991845efafb7a37363696d0ee44d85a5c9a3a5dbe1d2164dd3324,
236,out/object_anchor_pilot/label_overlays/legacy_white_background__tissue_FDR_004.jpg,2111445,2.014,image,ignored,ARCHIVE_RND,c56f2c711a928ba9c109527df2e53cda2ab47997f58e2b296d7b5fd744916b76,
237,out/tissue_box_front_24_sanitized/verification/tissue_FDR_003_verified.jpg,2103996,2.007,image,ignored,ARCHIVE_RND,f513966b5f9d930bca50d74acf50325ee08b582c957785c3da25b1dcae2758d7,
238,out/tissue_box_front_24_sanitized/verification/tissue_FDR_004_verified.jpg,2099769,2.002,image,ignored,ARCHIVE_RND,54f357b7f1483dd8f351b94e379ebbe8376058e82e990420146e4953111ff107,
239,.venv/Lib/site-packages/av.libs/libdav1d-a0d98444b383532d77134e957cef3bfd.dll,2088448,1.992,dll,ignored,SAFE_DELETE_CANDIDATE,063f02f9351d2e68db5ffdd49920c49f83045eec2c0509abe9d8457b99bcf322,
240,out/object_anchor_pilot/label_overlays/legacy_white_background__tissue_FTR_004.jpg,2084953,1.988,image,ignored,ARCHIVE_RND,b0655e3e11a0e1e02e5708ab1e0b00bc123fa7b2b11b6a692cabad6f817f1ac5,
241,out/tissue_box_front_24_sanitized/verification/tissue_FTR_004_verified.jpg,2082089,1.986,image,ignored,ARCHIVE_RND,0bf71897e90b380e042a280a8922d1e0e547874904abdfdbc01b3e28a216fe55,
242,out/tissue_box_front_24_sanitized/dataset/images/train/tissue_FDR_003.jpg,2059434,1.964,image,ignored,ARCHIVE_RND,3af3ef847982cb2a9ca528efeb7471d3b97b6f4b95eecfb90b234f4cac781a6d,
243,out/tissue_box_front_24_sanitized/dataset/images/train/tissue_FDR_004.jpg,2057525,1.962,image,ignored,ARCHIVE_RND,02446c081f70326f3e43995534c5baa7251e8804f8642c1f4c77fb0a90862922,
244,out/tissue_box_front_24_sanitized/verification/tissue_FTL_002_verified.jpg,2046303,1.952,image,ignored,ARCHIVE_RND,7a22cc725c75176e998f2cfa8c90b8c7bec5107e5678a0b7cd1d5260491e8c2a,
245,out/object_anchor_pilot/label_overlays/legacy_white_background__tissue_FTL_002.jpg,2043573,1.949,image,ignored,ARCHIVE_RND,511ee476bbd8ffe8c7a294bc0bbc420b9a21624dc8170ea6ad623f51f27d8636,
246,out/tissue_box_init_sanitized/dataset/images/train/tissue_box_front.jpg,2029939,1.936,image,ignored,ARCHIVE_RND,93f67b8be7c8e222f75626df66a9bf414b91060d6cbfe3bef43f6e30eb8bcf44,
247,out/object_anchor_pilot/label_overlays/legacy_white_background__tissue_F_002.jpg,2010975,1.918,image,ignored,ARCHIVE_RND,2b33246579e74569a9becc8ff3cf5ba5978b5c1a0fbbee166f0d1587bd310f02,
248,out/tissue_box_front_24_sanitized/verification/tissue_F_002_verified.jpg,1977618,1.886,image,ignored,ARCHIVE_RND,31b02ac4a195019ad1b55e9c4b79fdf9b91925db42f435d81f40883c23c8b746,
249,out/object_anchor_pilot/label_overlays/legacy_white_background__tissue_F_004.jpg,1930720,1.841,image,ignored,ARCHIVE_RND,3cf6c03d3b5425e65abbcb15efcfcb53749ba4a5237d8a34a7c8a5deff1df9d6,
250,out/object_anchor_preview/20260728_120922/preview_frames.csv,1898361,1.81,tabular_result,ignored,ARCHIVE_RND,dfbc03c80c781f11041ca03cc55c2b98991026a4341c346b185f8783d9a67410,
251,out/tissue_box_front_24_sanitized/verification/tissue_F_004_verified.jpg,1896048,1.808,image,ignored,ARCHIVE_RND,ec038f8c53f43fde02be696080df8e2e309edf4941274f73d95af8e73981bdd5,
252,.venv/Lib/site-packages/fontTools/misc/bezierTools.c,1877361,1.79,c,ignored,SAFE_DELETE_CANDIDATE,c562b2e556638fb17d0dc684af6684425a61d150b6e05a681c579de68f4f2ad6,
253,out/tissue_box_front_24_sanitized/dataset/images/train/tissue_FTR_004.jpg,1848108,1.762,image,ignored,ARCHIVE_RND,8bf9c70e2779d1369d256e72640643aeb701139593966796752e8e67fd411a1d,
254,out/tissue_box_front_24_sanitized/dataset/images/train/tissue_FTL_002.jpg,1809884,1.726,image,ignored,ARCHIVE_RND,5827766cb907eb90cd5860741ce3023127cb9d06b557c90a5936a19dff99120d,
255,.venv/Lib/site-packages/torch/include/ATen/VmapGeneratedPlumbing.h,1803730,1.72,h,ignored,SAFE_DELETE_CANDIDATE,0efc68cc2253c0bd284931b3be61bbe65fded868caadefe4d8d187bef27be621,
256,out/object_anchor_pilot/regression_pilot/overlays/tissue_FTR_005.jpg,1794224,1.711,image,ignored,ARCHIVE_RND,b8eca13707273d92f7baf977356c5c98fa7b945c4605ff5975ce1806387f0bb5,
257,out/object_anchor_full99/legacy_regression/pilot/overlays/tissue_FTR_005.jpg,1792169,1.709,image,ignored,ARCHIVE_RND,6015c4e417e9bac7563f3a4af6ea7e8a4b14aac5db274d25325aee050e3dc8b2,
258,out/object_anchor_pilot/regression_baseline/overlays/tissue_FTR_005.jpg,1791203,1.708,image,ignored,ARCHIVE_RND,cae28b6a87fac362fb32432c2cec491196247824e5d4701801effeb3cbed3f8e,
259,out/object_anchor_full99/legacy_regression/baseline/overlays/tissue_FTR_005.jpg,1789508,1.707,image,ignored,ARCHIVE_RND,4603041ea614413c30cb279642c5a4438c8fa139389d3607aefe4c30f26f5c9b,
260,out/tissue_box_front_only_val_predictions_ids/tissue_FTR_005.jpg,1763605,1.682,image,ignored,SAFE_DELETE_CANDIDATE,eb0d67337b8efc3fb5d1cb09f63040280fd9366c624f6ee81b8627e23f777789,
261,out/object_anchor_full99/legacy_regression/full99/overlays/tissue_FTR_005.jpg,1734983,1.655,image,ignored,ARCHIVE_RND,a0fbcb68fcd8c714d30ddeb3155d786d874db0e2fb5c2447ba22ff612decf8a8,
262,out/object_anchor_pilot/label_overlays/legacy_white_background__tissue_FTR_005.jpg,1734236,1.654,image,ignored,ARCHIVE_RND,3c097faf750e339e0cec1936204cf3b6b53340d7da0a3159e74118a568ab06de,
263,out/tissue_box_front_only_val_predictions/tissue_FTR_005.jpg,1734112,1.654,image,ignored,SAFE_DELETE_CANDIDATE,f68ce8490327f812412d690dd0709a98fe0c105def1351c3fb6139633a6c7ccd,
264,out/tissue_box_front_only_val_predictions_max1/tissue_FTR_005.jpg,1734112,1.654,image,ignored,SAFE_DELETE_CANDIDATE,f68ce8490327f812412d690dd0709a98fe0c105def1351c3fb6139633a6c7ccd,
265,out/tissue_box_front_24_sanitized/verification/tissue_FTR_005_verified.jpg,1725209,1.645,image,ignored,ARCHIVE_RND,8b7b39e0140a47aa07088612407b2a76cb57417baa6ab29550699801f08b9b05,
266,out/tissue_box_front_24_sanitized/verification/tissue_FTL_001_verified.jpg,1664627,1.588,image,ignored,ARCHIVE_RND,03c72df035a01c133cb956a45ea69f52675d51b3a97cf61da9ed0777143a630f,
267,out/object_anchor_pilot/label_overlays/legacy_white_background__tissue_FTL_001.jpg,1656487,1.58,image,ignored,ARCHIVE_RND,1511a58a582361cb18c3d1bc705fc049bc44ffb6062981b896480334ccc74a02,
268,samples/stereo_pairs/left/test_img/3.png,1656061,1.579,image,tracked,KEEP_REPRODUCIBILITY,ee615213cbda1813e633b1708f1182666dd03b5710bfcda74724f5244f415bf5,
269,.venv/Lib/site-packages/scipy/special/_special_ufuncs.cp312-win_amd64.pyd,1631232,1.556,pyd,ignored,SAFE_DELETE_CANDIDATE,17ec72133d7d6cca0eebf5ed41296bde5c6b98fbc344d798bfbe7092b76dc07f,
270,samples/stereo_pairs/right/test_img/3.png,1624778,1.55,image,tracked,KEEP_REPRODUCIBILITY,947d2cdf24ec434e38f0b5ab0b91272a5738155f62c08abe56a27356a8b1a2f0,
271,.venv/Lib/site-packages/torch/lib/libiomp5md.dll,1614184,1.539,dll,ignored,SAFE_DELETE_CANDIDATE,eb14cf741b10a6ca176acded284bff7b069e421f49927e28fef9685c6f62abf3,
272,out/tissue_box_front_24_sanitized/verification/tissue_FTL_003_verified.jpg,1601471,1.527,image,ignored,ARCHIVE_RND,fb26c0038df8f346d62b6527bd51be2f6bcf11b1f4b3ad736c09f24ed2ff9604,
273,out/object_anchor_pilot/label_overlays/legacy_white_background__tissue_FTL_003.jpg,1599116,1.525,image,ignored,ARCHIVE_RND,25ebe5f19ad0e81560e64bad2f04ca99d7655c28cece3ab29bc3bdfee17e415d,
274,out/snapshots/20260710_180835/overlay_rgb/0002_f00189.png,1568861,1.496,image,ignored,ARCHIVE_RND,84387b0647fd997193da64c3cac5439520b4ac653cb2f6464a4a5f266c2581c7,
275,samples/stereo_pairs/right/test_img/2.png,1568356,1.496,image,tracked,KEEP_REPRODUCIBILITY,a845891161248f5af24d91c77fb1a0f0f605a560349f78410cf22d1e1465b1f7,
276,out/snapshots/20260710_180655/overlay_rgb/0001_f00140.png,1553272,1.481,image,ignored,ARCHIVE_RND,c37bb328899fdae094f141767d88028c4a754f9d788f42ef8c5307b92de7f13e,
277,.venv/Lib/site-packages/pygame/SDL2_ttf.dll,1552384,1.48,dll,ignored,SAFE_DELETE_CANDIDATE,fcdfabdfce868eb33f7514025ff59c1bb6c418f1bcd6ace2300a9cd4053e1d63,
278,samples/stereo_pairs/left/test_img/2.png,1549187,1.477,image,tracked,KEEP_REPRODUCIBILITY,66c7730928257768ef0e2f7ce68592838cb6a1801c39fc81b410b94df6dae9fa,
279,out/snapshots/20260710_180835/overlay_rgb/0001_f00171.png,1548860,1.477,image,ignored,ARCHIVE_RND,510c84c6c98399961fe46587ce6641631f943538171f279b2e2c2bfabd91f57d,
280,out/snapshots/20260710_180835/left/0002_f00189.png,1522812,1.452,image,ignored,ARCHIVE_RND,51c236ca8b9ed38a6df6a3a3f39945837b4717b8d548103094e7517f88302dc9,
281,out/snapshots/20260710_180835/left/0001_f00171.png,1519989,1.45,image,ignored,ARCHIVE_RND,8e7979eee6766b28de259cbd8ce17f04bdae29670db983398ac3d1e838e68132,
282,out/tissue_box_front_24_sanitized/dataset/images/train/tissue_FTR_005.jpg,1507600,1.438,image,ignored,ARCHIVE_RND,64f30a88437f9136f42274599df8ba90e52599daae81ae718d76268063fa465e,
283,out/snapshots/20260710_180655/left/0001_f00140.png,1505112,1.435,image,ignored,ARCHIVE_RND,2472ee400a31a4cd6c8b700959f048780bb42871321a2c658d67626fa3e3d864,
284,.venv/Lib/site-packages/scipy/spatial/_distance_pybind.cp312-win_amd64.pyd,1479168,1.411,pyd,ignored,SAFE_DELETE_CANDIDATE,fc9e3b22242ed6fdcdbbb3e4593fd6de71d5e426d7c34b3fc6c2fdcb9fe1427f,
285,.venv/Lib/site-packages/scipy/special/_ufuncs.cp312-win_amd64.pyd,1433088,1.367,pyd,ignored,SAFE_DELETE_CANDIDATE,ebf3f73317450c1cd2675e70be97837a777d383e0bd89c4c0ccb80a7e0394775,
286,.venv/Lib/site-packages/sympy/polys/benchmarks/__pycache__/bench_solvers.cpython-312.pyc,1429439,1.363,python_cache,ignored,SAFE_DELETE_CANDIDATE,1f767f2f3dc4a72e0a7cc21349a488b40e47a11a1731e6efff8424d41b4106c6,
287,out/tissue_box_front_24_sanitized/dataset/images/train/tissue_FTL_001.jpg,1426245,1.36,image,ignored,ARCHIVE_RND,cbdcf64ba3df3913d519aa5e2c4e45412e97d3cd23cfeee002be25e833fb1591,
288,.venv/Lib/site-packages/torch-2.11.0.dist-info/RECORD,1408133,1.343,no_extension,ignored,SAFE_DELETE_CANDIDATE,28a2cbd9625ef1090d6bedac24a79c47977670f44c680ed011d4b5b6c9686a5a,
289,.venv/Lib/site-packages/torch/testing/_internal/common_methods_invocations.py,1382286,1.318,python,ignored,SAFE_DELETE_CANDIDATE,036b0cebc6e57d88d7ca6bc5d3e0d6dea1249153a0cc1eff437b1134b9f5e53d,
290,out/tissue_box_front_24_sanitized/dataset/images/train/tissue_FTL_003.jpg,1376171,1.312,image,ignored,ARCHIVE_RND,fe5cd0d7b028a8bbe291fbce1342e91536e0fe03d391a28f72a27b6fc2f23ff1,
291,.venv/Lib/site-packages/av.libs/libxml2-2-a584f2557f7d7b5a8214095b9451bdbf.dll,1324032,1.263,dll,ignored,SAFE_DELETE_CANDIDATE,4f95d11397cff10f87cbe11db87961bbf64dc622407f06468dfd8b183a25fd16,
292,.venv/Lib/site-packages/torch/lib/fmt.lib,1309238,1.249,lib,ignored,SAFE_DELETE_CANDIDATE,23591ee18dfde713e1ab4fdd854c3a6efdc9a988e601ef60e3e25cd0b697b433,
293,.venv/Lib/site-packages/scipy/special/tests/data/boost.npz,1270643,1.212,npz,ignored,SAFE_DELETE_CANDIDATE,f56f6ea894cfe59eda276ddc6ab45a9174b015612de71ffa443bec23dfeb030f,
294,.venv/Lib/site-packages/scipy/stats/_unuran/unuran_wrapper.cp312-win_amd64.pyd,1263104,1.205,pyd,ignored,SAFE_DELETE_CANDIDATE,0fa37baccdf82b8edcaccd8dd133333b581ed6db6d5b945e336ea09c532ec36b,
295,.venv/Lib/site-packages/torch/_C/_VariableFunctions.pyi,1243743,1.186,pyi,ignored,SAFE_DELETE_CANDIDATE,bbdf669d3f2497d397ec48f2f7aea99341a7a6bc152bbe2ae7096240f11d5d41,
296,.venv/Lib/site-packages/torch/_VF.pyi,1243743,1.186,pyi,ignored,SAFE_DELETE_CANDIDATE,bbdf669d3f2497d397ec48f2f7aea99341a7a6bc152bbe2ae7096240f11d5d41,
297,.venv/Lib/site-packages/scipy/linalg/_batched_linalg.cp312-win_amd64.pyd,1165824,1.112,pyd,ignored,SAFE_DELETE_CANDIDATE,3291596e2033faff7f45b0c2caa480168f49851843a01ec2cd3ebabc2363b646,
298,.venv/Lib/site-packages/scipy/interpolate/_rbfinterp_pythran.cp312-win_amd64.pyd,1150976,1.098,pyd,ignored,SAFE_DELETE_CANDIDATE,7594b79f92db928aaf3f43e0ac75c95d6c843367dd91b3820eff23f5d4609271,
299,.venv/Lib/site-packages/av.libs/libiconv-2-a9598045862e058f4dac97a1ce46f839.dll,1116160,1.064,dll,ignored,SAFE_DELETE_CANDIDATE,abe0d47cd675a26e8df49e018ace24eee04aa2eeecc85583c12cc63c0737df76,
300,.venv/Lib/site-packages/torch/lib/c10.dll,1088000,1.038,dll,ignored,SAFE_DELETE_CANDIDATE,e1e49baf873f1ebafdc1eaab6f3a092a0eb35cb5f946ff8a64861796bd4b7dc7,
301,out/object_anchor_world/20260728_113229/object_anchor_world_frames.csv,1083837,1.034,tabular_result,ignored,ARCHIVE_RND,c7b2e430e408032437e0b8c7230bb9f7ab8261f360c1b2836dc2a5d24b24a8b5,
302,.venv/Lib/site-packages/scipy/stats/_qmc_cy.cp312-win_amd64.pyd,1068032,1.019,pyd,ignored,SAFE_DELETE_CANDIDATE,24873b250faf1e09429eb67bc0e76ebfd86bfc9ae8228837a896dc89b83391e9,
303,.venv/Lib/site-packages/torch/testing/_internal/__pycache__/common_methods_invocations.cpython-312.pyc,1049233,1.001,python_cache,ignored,SAFE_DELETE_CANDIDATE,61557dff7aabe3629bcfcc9606a8821da6127b05396a572e11d055daf85ab8aa,
